dataset,method,family,seed,fit_time_sec,n_iter,n_model_evals,rmse,converged,error,theta_init_source,zzu_best_transform
exponential_multiplicative,identity,linearized_ols,0,0.0012081250000000043,,,9.595590779361169,,,,
exponential_multiplicative,log_no_smear,linearized_ols,0,4.787499999991951e-05,,,8.987496281346392,,,,
exponential_multiplicative,log_smear,linearized_ols,0,3.587500000001853e-05,,,9.234351907117809,,,,
exponential_multiplicative,reciprocal_no_smear,linearized_ols,0,3.262500000000834e-05,,,634.1929989998225,,,,
exponential_multiplicative,reciprocal_smear,linearized_ols,0,2.9084000000012544e-05,,,38.173888585179654,,,,
exponential_multiplicative,power_0.5_smear,linearized_ols,0,3.816700000003337e-05,,,8.720972744767826,,,,
exponential_multiplicative,power_2_smear,linearized_ols,0,2.9374999999998153e-05,,,16.90269499886138,,,,
exponential_multiplicative,boxcox_no_smear,linearized_ols,0,0.007093334000000007,,,9.128409408717067,,,,
exponential_multiplicative,boxcox_smear,linearized_ols,0,0.005801415999999948,,,9.466859069509862,,,,
exponential_multiplicative,yeojohnson_no_smear,linearized_ols,0,0.006944584000000087,,,9.219480062676766,,,,
exponential_multiplicative,yeojohnson_smear,linearized_ols,0,0.006580958999999997,,,9.640455805093868,,,,
exponential_multiplicative,GD,nonlinear,0,0.09421208299999995,3643.0,25502.0,9.606394356568273,True,,heuristic,
exponential_multiplicative,GN,nonlinear,0,0.0016727079999998562,23.0,162.0,9.601674424000677,True,,heuristic,
exponential_multiplicative,BFGS,nonlinear,0,0.0014240420000000142,14.0,231.0,9.601674423965012,True,,heuristic,
exponential_multiplicative,ZZU,zzu_hybrid,0,0.0022879170000000837,10.0,158.0,9.619112026711411,True,,,log_smear
exponential_multiplicative,BFGS_warmstart,nonlinear,0,0.0007733329999999317,10.0,157.0,9.601674423982443,True,,zzu_screen,
exponential_multiplicative,identity,linearized_ols,1,3.0583999999889144e-05,,,8.00349267855847,,,,
exponential_multiplicative,log_no_smear,linearized_ols,1,2.9541000000188333e-05,,,6.646074618685856,,,,
exponential_multiplicative,log_smear,linearized_ols,1,2.6999999999999247e-05,,,7.232249601988213,,,,
exponential_multiplicative,reciprocal_no_smear,linearized_ols,1,2.8833000000005882e-05,,,97.05957126175727,,,,
exponential_multiplicative,reciprocal_smear,linearized_ols,1,3.0999999999892225e-05,,,16.156170824889006,,,,
exponential_multiplicative,power_0.5_smear,linearized_ols,1,3.36670000000705e-05,,,5.687385634450512,,,,
exponential_multiplicative,power_2_smear,linearized_ols,1,2.8041999999839362e-05,,,19.162937180871776,,,,
exponential_multiplicative,boxcox_no_smear,linearized_ols,1,0.005639959000000028,,,6.437530919983298,,,,
exponential_multiplicative,boxcox_smear,linearized_ols,1,0.005603207999999915,,,6.9638150554154326,,,,
exponential_multiplicative,yeojohnson_no_smear,linearized_ols,1,0.006142000000000092,,,6.529166571095064,,,,
exponential_multiplicative,yeojohnson_smear,linearized_ols,1,0.006061207999999985,,,7.13334918208521,,,,
exponential_multiplicative,GD,nonlinear,1,0.12622108300000012,5000.0,35001.0,7.201244704923481,False,,heuristic,
exponential_multiplicative,GN,nonlinear,1,0.0008468750000001357,24.0,169.0,7.206091194467345,True,,heuristic,
exponential_multiplicative,BFGS,nonlinear,1,0.0009556250000000155,11.0,185.0,7.2060911841833475,True,,heuristic,
exponential_multiplicative,ZZU,zzu_hybrid,1,0.001329207999999804,10.0,159.0,7.217666028926889,True,,,log_smear
exponential_multiplicative,BFGS_warmstart,nonlinear,1,0.0007705840000000741,10.0,158.0,7.2060911912294,True,,zzu_screen,
exponential_multiplicative,identity,linearized_ols,2,2.9083000000040826e-05,,,12.985512246869005,,,,
exponential_multiplicative,log_no_smear,linearized_ols,2,2.90409999998964e-05,,,9.016626156727298,,,,
exponential_multiplicative,log_smear,linearized_ols,2,2.6625000000057852e-05,,,8.362725747212131,,,,
exponential_multiplicative,reciprocal_no_smear,linearized_ols,2,2.8333000000158037e-05,,,64.19288841804838,,,,
exponential_multiplicative,reciprocal_smear,linearized_ols,2,2.6124999999987963e-05,,,54.65813884150974,,,,
exponential_multiplicative,power_0.5_smear,linearized_ols,2,3.2999999999949736e-05,,,11.702340394678004,,,,
exponential_multiplicative,power_2_smear,linearized_ols,2,2.745799999992471e-05,,,17.062933226067397,,,,
exponential_multiplicative,boxcox_no_smear,linearized_ols,2,0.005490125000000123,,,9.25479745030925,,,,
exponential_multiplicative,boxcox_smear,linearized_ols,2,0.005514792000000046,,,8.645204909758734,,,,
exponential_multiplicative,yeojohnson_no_smear,linearized_ols,2,0.0060631670000002025,,,9.214615842642933,,,,
exponential_multiplicative,yeojohnson_smear,linearized_ols,2,0.006113916999999969,,,8.522076266419944,,,,
exponential_multiplicative,GD,nonlinear,2,0.1239961249999999,5000.0,35001.0,8.63577173158836,False,,heuristic,
exponential_multiplicative,GN,nonlinear,2,0.0006229170000000561,18.0,127.0,8.658012653650168,True,,heuristic,
exponential_multiplicative,BFGS,nonlinear,2,0.0011702090000000887,14.0,230.0,8.658012604277355,True,,heuristic,
exponential_multiplicative,ZZU,zzu_hybrid,2,0.0011233749999999265,9.0,145.0,8.686427545134192,True,,,log_smear
exponential_multiplicative,BFGS_warmstart,nonlinear,2,0.0007141670000001543,9.0,144.0,8.658012653851346,True,,zzu_screen,
exponential_multiplicative,identity,linearized_ols,3,2.6875000000092797e-05,,,5.982699446604436,,,,
exponential_multiplicative,log_no_smear,linearized_ols,3,2.683299999994837e-05,,,3.309544339142766,,,,
exponential_multiplicative,log_smear,linearized_ols,3,2.5834000000113377e-05,,,3.460572219562701,,,,
exponential_multiplicative,reciprocal_no_smear,linearized_ols,3,2.666700000020228e-05,,,90.52515977936818,,,,
exponential_multiplicative,reciprocal_smear,linearized_ols,3,2.5541999999934006e-05,,,25.768644793268276,,,,
exponential_multiplicative,power_0.5_smear,linearized_ols,3,2.8583000000192982e-05,,,4.176555545737534,,,,
exponential_multiplicative,power_2_smear,linearized_ols,3,2.691599999993244e-05,,,17.834935435926724,,,,
exponential_multiplicative,boxcox_no_smear,linearized_ols,3,0.005460290999999895,,,3.435971437818049,,,,
exponential_multiplicative,boxcox_smear,linearized_ols,3,0.0054317500000000685,,,3.7209127411615555,,,,
exponential_multiplicative,yeojohnson_no_smear,linearized_ols,3,0.00601412499999987,,,3.4679773416302013,,,,
exponential_multiplicative,yeojohnson_smear,linearized_ols,3,0.006029625000000038,,,3.79335389902772,,,,
exponential_multiplicative,GD,nonlinear,3,0.068815917,2778.0,19447.0,3.553961878955337,True,,heuristic,
exponential_multiplicative,GN,nonlinear,3,0.0007822079999999509,23.0,162.0,3.5545112933028995,True,,heuristic,
exponential_multiplicative,BFGS,nonlinear,3,0.0007817500000000255,10.0,158.0,3.5545112932996954,True,,heuristic,
exponential_multiplicative,ZZU,zzu_hybrid,3,0.001044792000000072,8.0,136.0,3.5487356446843066,True,,,log_smear
exponential_multiplicative,BFGS_warmstart,nonlinear,3,0.0006623329999999594,8.0,135.0,3.5545112932991727,True,,zzu_screen,
exponential_multiplicative,identity,linearized_ols,4,2.7041000000060933e-05,,,15.379202479606043,,,,
exponential_multiplicative,log_no_smear,linearized_ols,4,2.7291999999956573e-05,,,12.717122203830947,,,,
exponential_multiplicative,log_smear,linearized_ols,4,2.545899999994994e-05,,,12.451649898517681,,,,
exponential_multiplicative,reciprocal_no_smear,linearized_ols,4,2.641699999994529e-05,,,44.828720682037776,,,,
exponential_multiplicative,reciprocal_smear,linearized_ols,4,2.5332999999960748e-05,,,66.14743430119726,,,,
exponential_multiplicative,power_0.5_smear,linearized_ols,4,2.7707999999959654e-05,,,14.284510494970473,,,,
exponential_multiplicative,power_2_smear,linearized_ols,4,2.683299999994837e-05,,,18.64636478852252,,,,
exponential_multiplicative,boxcox_no_smear,linearized_ols,4,0.005395292000000218,,,13.015092628516522,,,,
exponential_multiplicative,boxcox_smear,linearized_ols,4,0.005377125000000094,,,12.795021457666138,,,,
exponential_multiplicative,yeojohnson_no_smear,linearized_ols,4,0.006035749999999895,,,12.913985560086815,,,,
exponential_multiplicative,yeojohnson_smear,linearized_ols,4,0.005982582999999986,,,12.65035205635565,,,,
exponential_multiplicative,GD,nonlinear,4,0.12473325000000002,5000.0,35001.0,12.64942433160876,False,,heuristic,
exponential_multiplicative,GN,nonlinear,4,0.0008792079999999647,23.0,162.0,12.6544782533062,True,,heuristic,
exponential_multiplicative,BFGS,nonlinear,4,0.001099167000000012,13.0,211.0,12.654478253309442,True,,heuristic,
exponential_multiplicative,ZZU,zzu_hybrid,4,0.0013919589999999982,9.0,144.0,12.655195483551246,True,,,log_smear
exponential_multiplicative,BFGS_warmstart,nonlinear,4,0.0007299170000001354,9.0,143.0,12.654478253275162,True,,zzu_screen,
exponential_multiplicative,identity,linearized_ols,5,3.1167000000165146e-05,,,7.663551115397801,,,,
exponential_multiplicative,log_no_smear,linearized_ols,5,3.07079999999349e-05,,,4.304245544930391,,,,
exponential_multiplicative,log_smear,linearized_ols,5,3.129199999984955e-05,,,4.538584134873489,,,,
exponential_multiplicative,reciprocal_no_smear,linearized_ols,5,2.9000000000056758e-05,,,27.71410097312431,,,,
exponential_multiplicative,reciprocal_smear,linearized_ols,5,2.720800000011181e-05,,,225.3624219024985,,,,
exponential_multiplicative,power_0.5_smear,linearized_ols,5,3.591699999994091e-05,,,5.291035527216292,,,,
exponential_multiplicative,power_2_smear,linearized_ols,5,2.84170000000028e-05,,,20.661319461346757,,,,
exponential_multiplicative,boxcox_no_smear,linearized_ols,5,0.005585166000000141,,,4.304245544930391,,,,
exponential_multiplicative,boxcox_smear,linearized_ols,5,0.005744500000000041,,,4.538584134873489,,,,
exponential_multiplicative,yeojohnson_no_smear,linearized_ols,5,0.006216041999999922,,,4.246952314761442,,,,
exponential_multiplicative,yeojohnson_smear,linearized_ols,5,0.0060715000000000074,,,4.473953939196244,,,,
exponential_multiplicative,GD,nonlinear,5,0.09770520800000004,3819.0,26734.0,4.549688039761849,True,,heuristic,
exponential_multiplicative,GN,nonlinear,5,0.0007898330000000175,23.0,162.0,4.548419923657753,True,,heuristic,
exponential_multiplicative,BFGS,nonlinear,5,0.0012728330000000287,16.0,257.0,4.548419924488219,True,,heuristic,
exponential_multiplicative,ZZU,zzu_hybrid,5,0.0012100840000000002,9.0,145.0,4.526422745320357,True,,,log_smear
exponential_multiplicative,BFGS_warmstart,nonlinear,5,0.0007325830000000089,9.0,144.0,4.548419914091038,True,,zzu_screen,
exponential_multiplicative,identity,linearized_ols,6,2.84170000000028e-05,,,10.580635818487751,,,,
exponential_multiplicative,log_no_smear,linearized_ols,6,2.7957999999994598e-05,,,6.3629944049001645,,,,
exponential_multiplicative,log_smear,linearized_ols,6,2.5875000000175064e-05,,,6.315595455920957,,,,
exponential_multiplicative,reciprocal_no_smear,linearized_ols,6,2.720800000011181e-05,,,103.27726367715132,,,,
exponential_multiplicative,reciprocal_smear,linearized_ols,6,2.566599999997976e-05,,,50.37962486576134,,,,
exponential_multiplicative,power_0.5_smear,linearized_ols,6,2.854199999990925e-05,,,8.658243520185408,,,,
exponential_multiplicative,power_2_smear,linearized_ols,6,2.7124999999905697e-05,,,18.509764613753937,,,,
exponential_multiplicative,boxcox_no_smear,linearized_ols,6,0.005428500000000058,,,6.2317832007748,,,,
exponential_multiplicative,boxcox_smear,linearized_ols,6,0.005430999999999964,,,6.220547520678736,,,,
exponential_multiplicative,yeojohnson_no_smear,linearized_ols,6,0.005985832999999996,,,6.115164436139375,,,,
exponential_multiplicative,yeojohnson_smear,linearized_ols,6,0.0059999159999999385,,,6.092983032330564,,,,
exponential_multiplicative,GD,nonlinear,6,0.12584562499999996,5000.0,35001.0,6.406213652740419,False,,heuristic,
exponential_multiplicative,GN,nonlinear,6,0.0008624580000000659,24.0,169.0,6.4261668041270426,True,,heuristic,
exponential_multiplicative,BFGS,nonlinear,6,0.0009415420000000729,11.0,183.0,6.426166810125971,True,,heuristic,
exponential_multiplicative,ZZU,zzu_hybrid,6,0.0011968340000001465,9.0,145.0,6.409582423855941,True,,,log_smear
exponential_multiplicative,BFGS_warmstart,nonlinear,6,0.0007357499999998129,9.0,144.0,6.42616680213479,True,,zzu_screen,
exponential_multiplicative,identity,linearized_ols,7,3.095799999996984e-05,,,12.154959669380831,,,,
exponential_multiplicative,log_no_smear,linearized_ols,7,3.0291999999931818e-05,,,8.794299726688145,,,,
exponential_multiplicative,log_smear,linearized_ols,7,2.9499999999904603e-05,,,8.480500105825875,,,,
exponential_multiplicative,reciprocal_no_smear,linearized_ols,7,2.995800000005211e-05,,,60.113857186043184,,,,
exponential_multiplicative,reciprocal_smear,linearized_ols,7,2.837500000008042e-05,,,38.23208177784575,,,,
exponential_multiplicative,power_0.5_smear,linearized_ols,7,2.9708000000017165e-05,,,10.792957776488183,,,,
exponential_multiplicative,power_2_smear,linearized_ols,7,2.9917000000212468e-05,,,17.638919463695665,,,,
exponential_multiplicative,boxcox_no_smear,linearized_ols,7,0.005804041999999843,,,8.794299726688145,,,,
exponential_multiplicative,boxcox_smear,linearized_ols,7,0.005622374999999957,,,8.480500105825875,,,,
exponential_multiplicative,yeojohnson_no_smear,linearized_ols,7,0.006265291000000062,,,8.780233314225738,,,,
exponential_multiplicative,yeojohnson_smear,linearized_ols,7,0.006295959000000018,,,8.442608736990929,,,,
exponential_multiplicative,GD,nonlinear,7,0.1282492909999997,5000.0,35001.0,8.507090516775996,False,,heuristic,
exponential_multiplicative,GN,nonlinear,7,0.0008110409999999568,23.0,162.0,8.514721741589383,True,,heuristic,
exponential_multiplicative,BFGS,nonlinear,7,0.0009245419999999172,11.0,182.0,8.514721741621678,True,,heuristic,
exponential_multiplicative,ZZU,zzu_hybrid,7,0.0011798750000000524,9.0,145.0,8.517762466102043,True,,,log_smear
exponential_multiplicative,BFGS_warmstart,nonlinear,7,0.0007507090000000716,9.0,144.0,8.514721742080562,True,,zzu_screen,
exponential_multiplicative,identity,linearized_ols,8,2.8417000000224846e-05,,,11.473391828984155,,,,
exponential_multiplicative,log_no_smear,linearized_ols,8,2.8959000000217117e-05,,,8.538690081948955,,,,
exponential_multiplicative,log_smear,linearized_ols,8,2.691700000001518e-05,,,8.157442980852903,,,,
exponential_multiplicative,reciprocal_no_smear,linearized_ols,8,2.7665999999815227e-05,,,44.72593622570423,,,,
exponential_multiplicative,reciprocal_smear,linearized_ols,8,2.691700000001518e-05,,,28.00437753856434,,,,
exponential_multiplicative,power_0.5_smear,linearized_ols,8,2.9500000000126647e-05,,,10.123777868341023,,,,
exponential_multiplicative,power_2_smear,linearized_ols,8,2.799999999991698e-05,,,18.512804345402554,,,,
exponential_multiplicative,boxcox_no_smear,linearized_ols,8,0.005685249999999975,,,8.538690081948955,,,,
exponential_multiplicative,boxcox_smear,linearized_ols,8,0.005795667000000115,,,8.157442980852903,,,,
exponential_multiplicative,yeojohnson_no_smear,linearized_ols,8,0.006331874999999876,,,8.508229577736504,,,,
exponential_multiplicative,yeojohnson_smear,linearized_ols,8,0.0062313329999996725,,,8.06440029565943,,,,
exponential_multiplicative,GD,nonlinear,8,0.12762237500000007,5000.0,35001.0,8.231028472643173,False,,heuristic,
exponential_multiplicative,GN,nonlinear,8,0.0007597920000002034,22.0,155.0,8.237912341631311,True,,heuristic,
exponential_multiplicative,BFGS,nonlinear,8,0.0008647080000003804,11.0,172.0,8.237912341538733,True,,heuristic,
exponential_multiplicative,ZZU,zzu_hybrid,8,0.0012338330000001285,9.0,144.0,8.248007841182265,True,,,log_smear
exponential_multiplicative,BFGS_warmstart,nonlinear,8,0.000733542000000309,9.0,143.0,8.237912341536486,True,,zzu_screen,
exponential_multiplicative,identity,linearized_ols,9,2.745799999992471e-05,,,10.693527492626881,,,,
exponential_multiplicative,log_no_smear,linearized_ols,9,2.774999999965999e-05,,,7.964067264480312,,,,
exponential_multiplicative,log_smear,linearized_ols,9,2.562499999969603e-05,,,7.577592170123185,,,,
exponential_multiplicative,reciprocal_no_smear,linearized_ols,9,2.7291999999956573e-05,,,45.016494949420284,,,,
exponential_multiplicative,reciprocal_smear,linearized_ols,9,2.5749999999824524e-05,,,27.226104471049315,,,,
exponential_multiplicative,power_0.5_smear,linearized_ols,9,2.8207999999807498e-05,,,9.63722372329692,,,,
exponential_multiplicative,power_2_smear,linearized_ols,9,2.7124999999905697e-05,,,16.345869546198198,,,,
exponential_multiplicative,boxcox_no_smear,linearized_ols,9,0.0053881659999999165,,,7.964067264480312,,,,
exponential_multiplicative,boxcox_smear,linearized_ols,9,0.0054474999999998275,,,7.577592170123185,,,,
exponential_multiplicative,yeojohnson_no_smear,linearized_ols,9,0.006024666000000067,,,7.829723546692916,,,,
exponential_multiplicative,yeojohnson_smear,linearized_ols,9,0.00603329199999969,,,7.386921285593902,,,,
exponential_multiplicative,GD,nonlinear,9,0.12404083300000002,5000.0,35001.0,7.608732610646782,False,,heuristic,
exponential_multiplicative,GN,nonlinear,9,0.000825958000000071,24.0,169.0,7.609790597603679,True,,heuristic,
exponential_multiplicative,BFGS,nonlinear,9,0.0012065420000002547,15.0,239.0,7.609790597456499,True,,heuristic,
exponential_multiplicative,ZZU,zzu_hybrid,9,0.0011957920000003064,10.0,158.0,7.633649689968401,True,,,log_smear
exponential_multiplicative,BFGS_warmstart,nonlinear,9,0.0007594159999997352,10.0,157.0,7.609790597400588,True,,zzu_screen,
exponential_additive,identity,linearized_ols,0,4.808299999981003e-05,,,9.422685031361082,,,,
exponential_additive,log_no_smear,linearized_ols,0,3.3125000000300275e-05,,,46.00665243316684,,,,
exponential_additive,log_smear,linearized_ols,0,2.775000000010408e-05,,,1076.819129982389,,,,
exponential_additive,reciprocal_no_smear,linearized_ols,0,2.7874999999788486e-05,,,31.594055118344844,,,,
exponential_additive,reciprocal_smear,linearized_ols,0,2.6832999999726326e-05,,,31.59402656708757,,,,
exponential_additive,power_0.5_smear,linearized_ols,0,2.8458000000064487e-05,,,7.372155897713776,,,,
exponential_additive,power_2_smear,linearized_ols,0,2.8083999999761744e-05,,,13.628989184306032,,,,
exponential_additive,boxcox_no_smear,linearized_ols,0,0.005449417000000345,,,7.46506533968147,,,,
exponential_additive,boxcox_smear,linearized_ols,0,0.006239667000000004,,,6.4607159538762104,,,,
exponential_additive,yeojohnson_no_smear,linearized_ols,0,0.006190541999999688,,,8.150560511925901,,,,
exponential_additive,yeojohnson_smear,linearized_ols,0,0.006353999999999971,,,7.493624113379445,,,,
exponential_additive,GD,nonlinear,0,0.12477454199999993,5000.0,35001.0,4.276693888566958,False,,heuristic,
exponential_additive,GN,nonlinear,0,0.0008328330000000328,24.0,169.0,4.27229307374113,True,,heuristic,
exponential_additive,BFGS,nonlinear,0,0.0013274160000000812,18.0,272.0,4.27229307237121,True,,heuristic,
exponential_additive,ZZU,zzu_hybrid,0,0.0013138340000002913,11.0,173.0,21.367811742725713,True,,,log_smear
exponential_additive,BFGS_warmstart,nonlinear,0,0.0008685829999999228,11.0,172.0,31.5940228979487,True,,zzu_screen,
exponential_additive,identity,linearized_ols,1,2.9708000000017165e-05,,,9.127334380749463,,,,
exponential_additive,log_no_smear,linearized_ols,1,2.8207999999807498e-05,,,19.40354532007252,,,,
exponential_additive,log_smear,linearized_ols,1,2.5707999999902142e-05,,,378.01721114141344,,,,
exponential_additive,reciprocal_no_smear,linearized_ols,1,2.74580000003688e-05,,,19.842322466751956,,,,
exponential_additive,reciprocal_smear,linearized_ols,1,2.5875000000397108e-05,,,19.842314503538383,,,,
exponential_additive,power_0.5_smear,linearized_ols,1,2.85410000002706e-05,,,6.464535419416994,,,,
exponential_additive,power_2_smear,linearized_ols,1,2.770799999973761e-05,,,16.3167946106828,,,,
exponential_additive,boxcox_no_smear,linearized_ols,1,0.005491457999999838,,,5.887310185366466,,,,
exponential_additive,boxcox_smear,linearized_ols,1,0.005411542000000047,,,6.165776732778539,,,,
exponential_additive,yeojohnson_no_smear,linearized_ols,1,0.00610458399999958,,,6.378726175722585,,,,
exponential_additive,yeojohnson_smear,linearized_ols,1,0.006058499999999967,,,6.595668528056692,,,,
exponential_additive,GD,nonlinear,1,0.12472512499999988,5000.0,35001.0,4.673142140695854,False,,heuristic,
exponential_additive,GN,nonlinear,1,0.0007508750000000397,21.0,148.0,4.680148391476531,True,,heuristic,
exponential_additive,BFGS,nonlinear,1,0.0015471250000000936,20.0,311.0,4.680148391123319,True,,heuristic,
exponential_additive,ZZU,zzu_hybrid,1,0.003130333999999735,34.0,514.0,4.753218429915322,True,,,log_smear
exponential_additive,BFGS_warmstart,nonlinear,1,0.0025098749999998837,34.0,513.0,4.680148392280282,True,,zzu_screen,
exponential_additive,identity,linearized_ols,2,2.849999999998687e-05,,,8.50588699372051,,,,
exponential_additive,log_no_smear,linearized_ols,2,2.770899999982035e-05,,,58.78426191482008,,,,
exponential_additive,log_smear,linearized_ols,2,2.5708999999984883e-05,,,1823.5790780250932,,,,
exponential_additive,reciprocal_no_smear,linearized_ols,2,2.8666999999593656e-05,,,29.156043413257656,,,,
exponential_additive,reciprocal_smear,linearized_ols,2,2.5500000000011624e-05,,,29.156032398273823,,,,
exponential_additive,power_0.5_smear,linearized_ols,2,2.958399999997141e-05,,,5.5992633667832665,,,,
exponential_additive,power_2_smear,linearized_ols,2,2.7624999999975586e-05,,,13.289634789960328,,,,
exponential_additive,boxcox_no_smear,linearized_ols,2,0.005456791999999933,,,5.592849309969096,,,,
exponential_additive,boxcox_smear,linearized_ols,2,0.005551542000000076,,,4.898380122803649,,,,
exponential_additive,yeojohnson_no_smear,linearized_ols,2,0.006092291999999944,,,6.184039159697885,,,,
exponential_additive,yeojohnson_smear,linearized_ols,2,0.006077667000000009,,,5.695725873216355,,,,
exponential_additive,GD,nonlinear,2,0.12448916600000004,5000.0,35001.0,4.741139238242191,False,,heuristic,
exponential_additive,GN,nonlinear,2,0.0008617909999997231,25.0,176.0,4.726527676850367,True,,heuristic,
exponential_additive,BFGS,nonlinear,2,0.0014145000000000962,19.0,290.0,4.726527676454516,True,,heuristic,
exponential_additive,ZZU,zzu_hybrid,2,0.001359249999999701,12.0,182.0,19.090014291214345,True,,,log_smear
exponential_additive,BFGS_warmstart,nonlinear,2,0.0008891250000000461,12.0,181.0,29.156029203573606,True,,zzu_screen,
exponential_additive,identity,linearized_ols,3,2.8082999999679004e-05,,,8.568700803480501,,,,
exponential_additive,log_no_smear,linearized_ols,3,2.820899999989024e-05,,,19.618705116421886,,,,
exponential_additive,log_smear,linearized_ols,3,2.591599999979266e-05,,,328.02867593589895,,,,
exponential_additive,reciprocal_no_smear,linearized_ols,3,2.700000000022129e-05,,,23.748977631671654,,,,
exponential_additive,reciprocal_smear,linearized_ols,3,2.562499999969603e-05,,,23.74897104356968,,,,
exponential_additive,power_0.5_smear,linearized_ols,3,2.829100000001361e-05,,,6.7964598120859705,,,,
exponential_additive,power_2_smear,linearized_ols,3,2.6832999999726326e-05,,,15.891334029281321,,,,
exponential_additive,boxcox_no_smear,linearized_ols,3,0.0053914170000002315,,,6.5801832010543695,,,,
exponential_additive,boxcox_smear,linearized_ols,3,0.005408749999999962,,,6.472067213382179,,,,
exponential_additive,yeojohnson_no_smear,linearized_ols,3,0.005974750000000029,,,6.887348966648015,,,,
exponential_additive,yeojohnson_smear,linearized_ols,3,0.005988583000000158,,,6.82129620357679,,,,
exponential_additive,GD,nonlinear,3,0.12320516700000006,5000.0,35001.0,4.99947276176674,False,,heuristic,
exponential_additive,GN,nonlinear,3,0.0007409580000001803,21.0,148.0,5.0027954784361865,True,,heuristic,
exponential_additive,BFGS,nonlinear,3,0.001529124999999798,21.0,316.0,5.002795478345294,True,,heuristic,
exponential_additive,ZZU,zzu_hybrid,3,0.0012670419999998295,12.0,180.0,17.108188668667967,True,,,log_smear
exponential_additive,BFGS_warmstart,nonlinear,3,0.000848083000000166,12.0,179.0,23.74755391160223,True,,zzu_screen,
exponential_additive,identity,linearized_ols,4,2.670800000004192e-05,,,10.72968130846874,,,,
exponential_additive,log_no_smear,linearized_ols,4,2.7583000000053204e-05,,,30.455466981214947,,,,
exponential_additive,log_smear,linearized_ols,4,2.5500000000011624e-05,,,782.3033546407727,,,,
exponential_additive,reciprocal_no_smear,linearized_ols,4,2.6458999999867672e-05,,,28.628683850232544,,,,
exponential_additive,reciprocal_smear,linearized_ols,4,2.50839999997865e-05,,,28.628687185523052,,,,
exponential_additive,power_0.5_smear,linearized_ols,4,2.7917000000154957e-05,,,8.744958624261029,,,,
exponential_additive,power_2_smear,linearized_ols,4,2.670800000004192e-05,,,15.298029899160833,,,,
exponential_additive,boxcox_no_smear,linearized_ols,4,0.005397499999999944,,,8.299511207253337,,,,
exponential_additive,boxcox_smear,linearized_ols,4,0.0053093749999999496,,,7.97511833056738,,,,
exponential_additive,yeojohnson_no_smear,linearized_ols,4,0.005961291000000202,,,8.992944926348784,,,,
exponential_additive,yeojohnson_smear,linearized_ols,4,0.005961416999999969,,,8.834830272885178,,,,
exponential_additive,GD,nonlinear,4,0.1228847919999998,5000.0,35001.0,5.677504794367862,False,,heuristic,
exponential_additive,GN,nonlinear,4,0.0010599170000000768,25.0,176.0,5.69698034508069,True,,heuristic,
exponential_additive,BFGS,nonlinear,4,0.0013513750000000435,17.0,264.0,5.69698034478411,True,,heuristic,
exponential_additive,ZZU,zzu_hybrid,4,0.004497666999999872,47.0,773.0,5.674534749871389,True,,,log_smear
exponential_additive,BFGS_warmstart,nonlinear,4,0.003812875000000382,47.0,772.0,5.6969803451177325,True,,zzu_screen,
exponential_additive,identity,linearized_ols,5,3.0415999999977572e-05,,,7.634161485612166,,,,
exponential_additive,log_no_smear,linearized_ols,5,2.745799999992471e-05,,,7.616450609012938,,,,
exponential_additive,log_smear,linearized_ols,5,2.537499999988313e-05,,,108.46427921942649,,,,
exponential_additive,reciprocal_no_smear,linearized_ols,5,2.8082999999679004e-05,,,17.79747837041178,,,,
exponential_additive,reciprocal_smear,linearized_ols,5,2.5791000000108255e-05,,,17.79748155037428,,,,
exponential_additive,power_0.5_smear,linearized_ols,5,2.820899999989024e-05,,,5.183384968479677,,,,
exponential_additive,power_2_smear,linearized_ols,5,2.7792000000026462e-05,,,15.239847290339695,,,,
exponential_additive,boxcox_no_smear,linearized_ols,5,0.005388917000000326,,,5.145657235489413,,,,
exponential_additive,boxcox_smear,linearized_ols,5,0.005419208000000175,,,5.082747551840379,,,,
exponential_additive,yeojohnson_no_smear,linearized_ols,5,0.006129666000000089,,,5.141162377630751,,,,
exponential_additive,yeojohnson_smear,linearized_ols,5,0.005974750000000029,,,5.168193139587141,,,,
exponential_additive,GD,nonlinear,5,0.12616137500000013,5000.0,35001.0,4.790077021829142,False,,heuristic,
exponential_additive,GN,nonlinear,5,0.0007501659999999966,21.0,148.0,4.797266525671177,True,,heuristic,
exponential_additive,BFGS,nonlinear,5,0.0015747080000001468,21.0,315.0,4.797266525727574,True,,heuristic,
exponential_additive,ZZU,zzu_hybrid,5,0.0027291670000000323,30.0,455.0,4.699990151906247,True,,,log_smear
exponential_additive,BFGS_warmstart,nonlinear,5,0.002227791999999784,30.0,454.0,4.7972665263026455,True,,zzu_screen,
exponential_additive,identity,linearized_ols,6,2.9249999999869658e-05,,,10.199552612453797,,,,
exponential_additive,log_no_smear,linearized_ols,6,2.9374999999998153e-05,,,28.502710321136586,,,,
exponential_additive,log_smear,linearized_ols,6,2.7082999999983315e-05,,,652.9231781881336,,,,
exponential_additive,reciprocal_no_smear,linearized_ols,6,2.7584000000135944e-05,,,28.031089484170856,,,,
exponential_additive,reciprocal_smear,linearized_ols,6,2.6500000000151402e-05,,,28.0310601261424,,,,
exponential_additive,power_0.5_smear,linearized_ols,6,2.804100000020071e-05,,,7.604783625677581,,,,
exponential_additive,power_2_smear,linearized_ols,6,2.8582999999748893e-05,,,14.572146820190742,,,,
exponential_additive,boxcox_no_smear,linearized_ols,6,0.00554083400000005,,,7.365691985367653,,,,
exponential_additive,boxcox_smear,linearized_ols,6,0.005464499999999983,,,7.140435095201407,,,,
exponential_additive,yeojohnson_no_smear,linearized_ols,6,0.006119291000000082,,,7.854120009746238,,,,
exponential_additive,yeojohnson_smear,linearized_ols,6,0.006110540999999969,,,7.712957077165122,,,,
exponential_additive,GD,nonlinear,6,0.12324825000000006,5000.0,35001.0,5.276239143754245,False,,heuristic,
exponential_additive,GN,nonlinear,6,0.000977958000000001,29.0,204.0,5.282986983683786,True,,heuristic,
exponential_additive,BFGS,nonlinear,6,0.0015294159999998946,21.0,315.0,5.282986983703627,True,,heuristic,
exponential_additive,ZZU,zzu_hybrid,6,0.003332208000000225,40.0,603.0,5.288357034200928,True,,,log_smear
exponential_additive,BFGS_warmstart,nonlinear,6,0.0028916250000001753,40.0,602.0,5.28298698368803,True,,zzu_screen,
exponential_additive,identity,linearized_ols,7,2.745900000000745e-05,,,10.101662239883577,,,,
exponential_additive,log_no_smear,linearized_ols,7,2.7082999999983315e-05,,,66.33819805210257,,,,
exponential_additive,log_smear,linearized_ols,7,2.5207999999832253e-05,,,1947.4080732197804,,,,
exponential_additive,reciprocal_no_smear,linearized_ols,7,2.6999999999777202e-05,,,27.273158240690147,,,,
exponential_additive,reciprocal_smear,linearized_ols,7,2.8374999999858375e-05,,,27.2731471778681,,,,
exponential_additive,power_0.5_smear,linearized_ols,7,2.9125000000185253e-05,,,7.359361785016307,,,,
exponential_additive,power_2_smear,linearized_ols,7,2.8375000000302464e-05,,,14.81088952951296,,,,
exponential_additive,boxcox_no_smear,linearized_ols,7,0.005381749999999741,,,6.932932832782157,,,,
exponential_additive,boxcox_smear,linearized_ols,7,0.0053496250000000245,,,6.745167346372277,,,,
exponential_additive,yeojohnson_no_smear,linearized_ols,7,0.005982082999999694,,,7.530068028383773,,,,
exponential_additive,yeojohnson_smear,linearized_ols,7,0.00596379200000019,,,7.397817915636745,,,,
exponential_additive,GD,nonlinear,7,0.12297345800000015,5000.0,35001.0,5.826691572756382,False,,heuristic,
exponential_additive,GN,nonlinear,7,0.000883750000000294,26.0,183.0,5.820281901191476,True,,heuristic,
exponential_additive,BFGS,nonlinear,7,0.0015982920000001677,22.0,332.0,5.820281901149227,True,,heuristic,
exponential_additive,ZZU,zzu_hybrid,7,0.0008543329999999294,5.0,91.0,18.489331055495498,True,,,log_smear
exponential_additive,BFGS_warmstart,nonlinear,7,0.00044850000000007384,5.0,90.0,27.27314456058926,True,,zzu_screen,
exponential_additive,identity,linearized_ols,8,2.700000000022129e-05,,,9.331253007483866,,,,
exponential_additive,log_no_smear,linearized_ols,8,2.7416000000002327e-05,,,21.371411196425342,,,,
exponential_additive,log_smear,linearized_ols,8,2.541600000016686e-05,,,1097.0889523662527,,,,
exponential_additive,reciprocal_no_smear,linearized_ols,8,2.6624999999835808e-05,,,23.102483127346055,,,,
exponential_additive,reciprocal_smear,linearized_ols,8,2.4916999999735623e-05,,,23.102492796788418,,,,
exponential_additive,power_0.5_smear,linearized_ols,8,2.7874999999788486e-05,,,6.958494379055955,,,,
exponential_additive,power_2_smear,linearized_ols,8,2.695800000029891e-05,,,15.230459459112529,,,,
exponential_additive,boxcox_no_smear,linearized_ols,8,0.0053840830000000395,,,6.7049558028232585,,,,
exponential_additive,boxcox_smear,linearized_ols,8,0.005363000000000007,,,6.41098089301209,,,,
exponential_additive,yeojohnson_no_smear,linearized_ols,8,0.005945874999999656,,,7.232326634432918,,,,
exponential_additive,yeojohnson_smear,linearized_ols,8,0.005960791000000132,,,7.17938243753869,,,,
exponential_additive,GD,nonlinear,8,0.12580524999999998,5000.0,35001.0,5.203400461017996,False,,heuristic,
exponential_additive,GN,nonlinear,8,0.0007603340000001957,21.0,148.0,5.201245025660787,True,,heuristic,
exponential_additive,BFGS,nonlinear,8,0.0015961249999998373,21.0,317.0,5.20124502600403,True,,heuristic,
exponential_additive,ZZU,zzu_hybrid,8,0.00302350000000029,35.0,528.0,5.113500213534116,True,,,log_smear
exponential_additive,BFGS_warmstart,nonlinear,8,0.0025844999999997675,35.0,527.0,5.201245025980477,True,,zzu_screen,
exponential_additive,identity,linearized_ols,9,2.799999999991698e-05,,,10.718602032056205,,,,
exponential_additive,log_no_smear,linearized_ols,9,2.824999999972988e-05,,,20.58393364875433,,,,
exponential_additive,log_smear,linearized_ols,9,2.6209000000054772e-05,,,459.2843736267332,,,,
exponential_additive,reciprocal_no_smear,linearized_ols,9,2.77080000001817e-05,,,26.741804366109488,,,,
exponential_additive,reciprocal_smear,linearized_ols,9,2.5958999999797783e-05,,,26.741799696369316,,,,
exponential_additive,power_0.5_smear,linearized_ols,9,2.9125000000185253e-05,,,9.00030397329071,,,,
exponential_additive,power_2_smear,linearized_ols,9,2.7667000000342057e-05,,,16.48792938098246,,,,
exponential_additive,boxcox_no_smear,linearized_ols,9,0.005459000000000103,,,8.579014551483052,,,,
exponential_additive,boxcox_smear,linearized_ols,9,0.005466207999999639,,,8.499623788744497,,,,
exponential_additive,yeojohnson_no_smear,linearized_ols,9,0.006047458000000283,,,9.18818920433775,,,,
exponential_additive,yeojohnson_smear,linearized_ols,9,0.006110250000000317,,,9.180983785301056,,,,
exponential_additive,GD,nonlinear,9,0.12338241699999974,5000.0,35001.0,5.902997827796628,False,,heuristic,
exponential_additive,GN,nonlinear,9,0.0007221670000001623,21.0,148.0,5.939884248154507,True,,heuristic,
exponential_additive,BFGS,nonlinear,9,0.001330834000000003,18.0,274.0,5.9398842476122855,True,,heuristic,
exponential_additive,ZZU,zzu_hybrid,9,0.002864291999999935,33.0,495.0,5.955605768141574,True,,,log_smear
exponential_additive,BFGS_warmstart,nonlinear,9,0.0023860830000002053,33.0,494.0,5.939884247584022,True,,zzu_screen,
michaelis_menten,identity,linearized_ols,0,3.3667000000292546e-05,,,1.251897575881744,,,,
michaelis_menten,log_no_smear,linearized_ols,0,2.9750000000383636e-05,,,1.6064447283036638,,,,
michaelis_menten,log_smear,linearized_ols,0,2.6500000000151402e-05,,,1.7359258628297107,,,,
michaelis_menten,reciprocal_no_smear,linearized_ols,0,2.7082999999983315e-05,,,4.9114898207685025,,,,
michaelis_menten,reciprocal_smear,linearized_ols,0,2.5708999999984883e-05,,,89.93112253060357,,,,
michaelis_menten,power_0.5_smear,linearized_ols,0,2.8166999999967857e-05,,,1.3789441920809176,,,,
michaelis_menten,power_2_smear,linearized_ols,0,2.7333000000240304e-05,,,1.1625429285790014,,,,
michaelis_menten,boxcox_no_smear,linearized_ols,0,0.005401875,,,1.19297446185589,,,,
michaelis_menten,boxcox_smear,linearized_ols,0,0.006249208999999922,,,1.1625429285790014,,,,
michaelis_menten,yeojohnson_no_smear,linearized_ols,0,0.006258250000000132,,,1.1924387262044112,,,,
michaelis_menten,yeojohnson_smear,linearized_ols,0,0.006192749999999858,,,1.1678238171750692,,,,
michaelis_menten,GD,nonlinear,0,0.12145241699999998,5000.0,35001.0,2.238793106979243,False,,heuristic,
michaelis_menten,GN,nonlinear,0,0.0004174170000004196,12.0,85.0,0.32742112021219427,True,,heuristic,
michaelis_menten,BFGS,nonlinear,0,0.0009611249999998961,14.0,203.0,0.32742111979674243,True,,heuristic,
michaelis_menten,ZZU,zzu_hybrid,0,0.0031152910000002976,14.0,204.0,0.32808809043092946,True,,,power_0.5_smear
michaelis_menten,identity,linearized_ols,1,2.879200000016624e-05,,,1.0614271736560852,,,,
michaelis_menten,log_no_smear,linearized_ols,1,2.8374999999414285e-05,,,1.2670825134789647,,,,
michaelis_menten,log_smear,linearized_ols,1,2.5790999999664166e-05,,,1.2502716412285153,,,,
michaelis_menten,reciprocal_no_smear,linearized_ols,1,2.6875000000536886e-05,,,3.964328206737556,,,,
michaelis_menten,reciprocal_smear,linearized_ols,1,2.5459000000616072e-05,,,62.83448803638155,,,,
michaelis_menten,power_0.5_smear,linearized_ols,1,2.7792000000026462e-05,,,1.0974972684012323,,,,
michaelis_menten,power_2_smear,linearized_ols,1,2.6791999999886684e-05,,,1.048163275431453,,,,
michaelis_menten,boxcox_no_smear,linearized_ols,1,0.0054059999999998,,,1.0773992536729373,,,,
michaelis_menten,boxcox_smear,linearized_ols,1,0.005355791999999582,,,1.048163275431453,,,,
michaelis_menten,yeojohnson_no_smear,linearized_ols,1,0.005965708999999819,,,1.0675735985491466,,,,
michaelis_menten,yeojohnson_smear,linearized_ols,1,0.006122000000000405,,,1.0437822643026748,,,,
michaelis_menten,GD,nonlinear,1,0.12181716600000048,5000.0,35001.0,2.7140001612270135,False,,heuristic,
michaelis_menten,GN,nonlinear,1,0.0004218339999999543,12.0,85.0,0.2505293750731237,True,,heuristic,
michaelis_menten,BFGS,nonlinear,1,0.0009855000000005276,14.0,203.0,0.2505293721842707,True,,heuristic,
michaelis_menten,ZZU,zzu_hybrid,1,0.00153608300000041,14.0,204.0,0.25055253370727926,True,,,identity
michaelis_menten,identity,linearized_ols,2,2.800000000036107e-05,,,1.0610005771889024,,,,
michaelis_menten,log_no_smear,linearized_ols,2,2.8458000000064487e-05,,,1.4530572628918164,,,,
michaelis_menten,log_smear,linearized_ols,2,2.6541999999629695e-05,,,1.6289876425572005,,,,
michaelis_menten,reciprocal_no_smear,linearized_ols,2,2.8417000000224846e-05,,,9.057885485959421,,,,
michaelis_menten,reciprocal_smear,linearized_ols,2,2.5875000000397108e-05,,,36.7743180935418,,,,
michaelis_menten,power_0.5_smear,linearized_ols,2,2.800000000036107e-05,,,1.1820257385430104,,,,
michaelis_menten,power_2_smear,linearized_ols,2,2.7332999999352126e-05,,,1.0129198863940618,,,,
michaelis_menten,boxcox_no_smear,linearized_ols,2,0.005507541999999255,,,1.0483399422501862,,,,
michaelis_menten,boxcox_smear,linearized_ols,2,0.005420625000000179,,,1.0129198863940618,,,,
michaelis_menten,yeojohnson_no_smear,linearized_ols,2,0.006052249999999759,,,1.0403281971570726,,,,
michaelis_menten,yeojohnson_smear,linearized_ols,2,0.006046875000000007,,,1.0098394110800828,,,,
michaelis_menten,GD,nonlinear,2,0.12256779099999981,5000.0,35001.0,2.232080785654068,False,,heuristic,
michaelis_menten,GN,nonlinear,2,0.00043262500000018633,12.0,85.0,0.30067357629767727,True,,heuristic,
michaelis_menten,BFGS,nonlinear,2,0.0011825419999995646,17.0,239.0,0.30067357609814976,True,,heuristic,
michaelis_menten,ZZU,zzu_hybrid,2,0.0016695420000001349,17.0,240.0,0.30032148451491186,True,,,identity
michaelis_menten,identity,linearized_ols,3,3.087500000020782e-05,,,1.1492705814394129,,,,
michaelis_menten,log_no_smear,linearized_ols,3,3.0999999999892225e-05,,,1.458452846284716,,,,
michaelis_menten,log_smear,linearized_ols,3,2.8332999999491904e-05,,,1.440148496660772,,,,
michaelis_menten,reciprocal_no_smear,linearized_ols,3,2.8916999999850646e-05,,,2.969294442815617,,,,
michaelis_menten,reciprocal_smear,linearized_ols,3,2.7625000000419675e-05,,,18.883911446017624,,,,
michaelis_menten,power_0.5_smear,linearized_ols,3,2.9666999999733434e-05,,,1.2439832129711608,,,,
michaelis_menten,power_2_smear,linearized_ols,3,2.8666000000399094e-05,,,1.0409126313281694,,,,
michaelis_menten,boxcox_no_smear,linearized_ols,3,0.00559062499999996,,,1.053366518159803,,,,
michaelis_menten,boxcox_smear,linearized_ols,3,0.0053320829999998764,,,1.0409126313281694,,,,
michaelis_menten,yeojohnson_no_smear,linearized_ols,3,0.006044790999999883,,,1.0593546161346654,,,,
michaelis_menten,yeojohnson_smear,linearized_ols,3,0.0060791670000002185,,,1.0525657360256488,,,,
michaelis_menten,GD,nonlinear,3,0.12172558299999992,5000.0,35001.0,2.7370038014755576,False,,heuristic,
michaelis_menten,GN,nonlinear,3,0.0004115420000001535,12.0,85.0,0.28113488111124574,True,,heuristic,
michaelis_menten,BFGS,nonlinear,3,0.001032709000000409,15.0,211.0,0.28113488112512963,True,,heuristic,
michaelis_menten,ZZU,zzu_hybrid,3,0.0014597089999996982,15.0,212.0,0.28102350346445915,True,,,identity
michaelis_menten,identity,linearized_ols,4,2.7375000000162686e-05,,,1.0444087629455103,,,,
michaelis_menten,log_no_smear,linearized_ols,4,2.8207999999807498e-05,,,1.3520243332934392,,,,
michaelis_menten,log_smear,linearized_ols,4,2.616600000049374e-05,,,1.4199735173732324,,,,
michaelis_menten,reciprocal_no_smear,linearized_ols,4,2.7124999999905697e-05,,,4.996469790532454,,,,
michaelis_menten,reciprocal_smear,linearized_ols,4,2.61669999996883e-05,,,281.1958440744139,,,,
michaelis_menten,power_0.5_smear,linearized_ols,4,2.800000000036107e-05,,,1.1349201053500737,,,,
michaelis_menten,power_2_smear,linearized_ols,4,2.745799999992471e-05,,,0.975039108691912,,,,
michaelis_menten,boxcox_no_smear,linearized_ols,4,0.005438084000000565,,,0.9993867046807039,,,,
michaelis_menten,boxcox_smear,linearized_ols,4,0.0053834999999997635,,,0.9750391086919119,,,,
michaelis_menten,yeojohnson_no_smear,linearized_ols,4,0.005998249999999317,,,0.9979319519894823,,,,
michaelis_menten,yeojohnson_smear,linearized_ols,4,0.006015624999999858,,,0.9787695776979295,,,,
michaelis_menten,GD,nonlinear,4,0.1222942920000003,5000.0,35001.0,2.1479566172260602,False,,heuristic,
michaelis_menten,GN,nonlinear,4,0.00044366600000067535,12.0,85.0,0.27301764401824696,True,,heuristic,
michaelis_menten,BFGS,nonlinear,4,0.0009248749999999362,13.0,184.0,0.27301764335577233,True,,heuristic,
michaelis_menten,ZZU,zzu_hybrid,4,0.0014680000000000248,13.0,185.0,0.2729527877736674,True,,,identity
michaelis_menten,identity,linearized_ols,5,2.8582999999748893e-05,,,1.1911615122992985,,,,
michaelis_menten,log_no_smear,linearized_ols,5,2.9500000000126647e-05,,,1.3381485556220971,,,,
michaelis_menten,log_smear,linearized_ols,5,2.695799999941073e-05,,,1.2932818088582254,,,,
michaelis_menten,reciprocal_no_smear,linearized_ols,5,2.8207999999807498e-05,,,1.9371615501072947,,,,
michaelis_menten,reciprocal_smear,linearized_ols,5,2.641699999994529e-05,,,4.552971217931566,,,,
michaelis_menten,power_0.5_smear,linearized_ols,5,2.9125000000185253e-05,,,1.2258732607632725,,,,
michaelis_menten,power_2_smear,linearized_ols,5,3.737499999978411e-05,,,1.142134756676988,,,,
michaelis_menten,boxcox_no_smear,linearized_ols,5,0.005673834000000433,,,1.1677924648837203,,,,
michaelis_menten,boxcox_smear,linearized_ols,5,0.005412084000000483,,,1.1421347566769875,,,,
michaelis_menten,yeojohnson_no_smear,linearized_ols,5,0.006063833000000685,,,1.1653484711800952,,,,
michaelis_menten,yeojohnson_smear,linearized_ols,5,0.006062749999999895,,,1.1473413276042657,,,,
michaelis_menten,GD,nonlinear,5,0.12250487500000062,5000.0,35001.0,2.7156591762651154,False,,heuristic,
michaelis_menten,GN,nonlinear,5,0.000452082999999881,13.0,92.0,0.3360830408989627,True,,heuristic,
michaelis_menten,BFGS,nonlinear,5,0.0013260419999996387,18.0,256.0,0.3360830408791078,True,,heuristic,
michaelis_menten,ZZU,zzu_hybrid,5,0.0017008329999992355,18.0,257.0,0.3367920279351921,True,,,identity
michaelis_menten,identity,linearized_ols,6,2.7417000000085068e-05,,,1.3304576424544923,,,,
michaelis_menten,log_no_smear,linearized_ols,6,3.28749999995992e-05,,,1.4988199133709528,,,,
michaelis_menten,log_smear,linearized_ols,6,2.7082999999983315e-05,,,1.563293479926108,,,,
michaelis_menten,reciprocal_no_smear,linearized_ols,6,3.054200000018881e-05,,,3.5297323073678526,,,,
michaelis_menten,reciprocal_smear,linearized_ols,6,2.775000000010408e-05,,,38.572321653621394,,,,
michaelis_menten,power_0.5_smear,linearized_ols,6,2.775000000010408e-05,,,1.383795916306505,,,,
michaelis_menten,power_2_smear,linearized_ols,6,2.7540999999686733e-05,,,1.2869306314070446,,,,
michaelis_menten,boxcox_no_smear,linearized_ols,6,0.005536541999999756,,,1.3145764777670146,,,,
michaelis_menten,boxcox_smear,linearized_ols,6,0.005476040999999654,,,1.2869306314070441,,,,
michaelis_menten,yeojohnson_no_smear,linearized_ols,6,0.00606787499999939,,,1.3112233018586636,,,,
michaelis_menten,yeojohnson_smear,linearized_ols,6,0.0060611249999995565,,,1.2890075181374085,,,,
michaelis_menten,GD,nonlinear,6,0.12078170799999999,5000.0,35001.0,2.3288535838421893,False,,heuristic,
michaelis_menten,GN,nonlinear,6,0.0003914170000003381,11.0,78.0,0.40212310460342676,True,,heuristic,
michaelis_menten,BFGS,nonlinear,6,0.000981375000000284,14.0,204.0,0.40212310388546557,True,,heuristic,
michaelis_menten,ZZU,zzu_hybrid,6,0.0015387499999999221,14.0,205.0,0.4020499385013699,True,,,identity
michaelis_menten,identity,linearized_ols,7,3.3667000000292546e-05,,,1.3405857874282632,,,,
michaelis_menten,log_no_smear,linearized_ols,7,2.933300000051986e-05,,,1.6224675397598145,,,,
michaelis_menten,log_smear,linearized_ols,7,2.6292000000260884e-05,,,1.6765691665676046,,,,
michaelis_menten,reciprocal_no_smear,linearized_ols,7,2.7124999999905697e-05,,,3.7823844402180167,,,,
michaelis_menten,reciprocal_smear,linearized_ols,7,2.56670000000625e-05,,,30.224024759351856,,,,
michaelis_menten,power_0.5_smear,linearized_ols,7,2.858300000063707e-05,,,1.4398277511306563,,,,
michaelis_menten,power_2_smear,linearized_ols,7,2.7291999999512484e-05,,,1.2366769938380604,,,,
michaelis_menten,boxcox_no_smear,linearized_ols,7,0.005404667000000529,,,1.2614694190187645,,,,
michaelis_menten,boxcox_smear,linearized_ols,7,0.005507291999999886,,,1.2366769938380606,,,,
michaelis_menten,yeojohnson_no_smear,linearized_ols,7,0.005947292000000104,,,1.2654374450397365,,,,
michaelis_menten,yeojohnson_smear,linearized_ols,7,0.00597783300000021,,,1.2466263773565514,,,,
michaelis_menten,GD,nonlinear,7,0.12517279199999987,5000.0,35001.0,2.331725930660579,False,,heuristic,
michaelis_menten,GN,nonlinear,7,0.0005649580000000043,12.0,85.0,0.24740474307710744,True,,heuristic,
michaelis_menten,BFGS,nonlinear,7,0.0012688330000001358,17.0,239.0,0.2474047431226212,True,,heuristic,
michaelis_menten,ZZU,zzu_hybrid,7,0.00228966699999944,17.0,240.0,0.24744106200639637,True,,,identity
michaelis_menten,identity,linearized_ols,8,4.024999999963086e-05,,,1.2127989908030077,,,,
michaelis_menten,log_no_smear,linearized_ols,8,3.537499999950455e-05,,,1.4131385814420478,,,,
michaelis_menten,log_smear,linearized_ols,8,3.054100000010607e-05,,,1.3752933708214723,,,,
michaelis_menten,reciprocal_no_smear,linearized_ols,8,3.55839999999219e-05,,,2.504416015854356,,,,
michaelis_menten,reciprocal_smear,linearized_ols,8,2.987500000006804e-05,,,156.91412876204296,,,,
michaelis_menten,power_0.5_smear,linearized_ols,8,3.3084000000016545e-05,,,1.2665362127172257,,,,
michaelis_menten,power_2_smear,linearized_ols,8,3.116600000030445e-05,,,1.1384545114913072,,,,
michaelis_menten,boxcox_no_smear,linearized_ols,8,0.005871584000000318,,,1.1571135661552456,,,,
michaelis_menten,boxcox_smear,linearized_ols,8,0.00557129199999995,,,1.1384545114913074,,,,
michaelis_menten,yeojohnson_no_smear,linearized_ols,8,0.006638582999999976,,,1.1589412281983775,,,,
michaelis_menten,yeojohnson_smear,linearized_ols,8,0.005989208999999995,,,1.1461928517830628,,,,
michaelis_menten,GD,nonlinear,8,0.1277809999999997,5000.0,35001.0,2.4860889265749573,False,,heuristic,
michaelis_menten,GN,nonlinear,8,0.00047095800000018784,12.0,85.0,0.21178670387800175,True,,heuristic,
michaelis_menten,BFGS,nonlinear,8,0.001233708,16.0,226.0,0.21178670349020268,True,,heuristic,
michaelis_menten,ZZU,zzu_hybrid,8,0.0020583749999998346,16.0,227.0,0.21170145163180978,True,,,identity
michaelis_menten,identity,linearized_ols,9,3.5208999999980506e-05,,,0.7748214548084705,,,,
michaelis_menten,log_no_smear,linearized_ols,9,3.216600000044423e-05,,,1.4098280795468185,,,,
michaelis_menten,log_smear,linearized_ols,9,2.829099999956952e-05,,,1.4072376427239326,,,,
michaelis_menten,reciprocal_no_smear,linearized_ols,9,4.3875000000248576e-05,,,5.418293526710138,,,,
michaelis_menten,reciprocal_smear,linearized_ols,9,3.320800000050639e-05,,,71.25997896355928,,,,
michaelis_menten,power_0.5_smear,linearized_ols,9,2.929199999979204e-05,,,0.9840287414372597,,,,
michaelis_menten,power_2_smear,linearized_ols,9,2.8458000000064487e-05,,,0.533375278434499,,,,
michaelis_menten,boxcox_no_smear,linearized_ols,9,0.005741041999999474,,,0.5122590322429053,,,,
michaelis_menten,boxcox_smear,linearized_ols,9,0.005665583999999946,,,0.533375278434499,,,,
michaelis_menten,yeojohnson_no_smear,linearized_ols,9,0.006815916000000755,,,0.5391062114710106,,,,
michaelis_menten,yeojohnson_smear,linearized_ols,9,0.006398500000000418,,,0.5613008302280215,,,,
michaelis_menten,GD,nonlinear,9,0.13639808299999956,5000.0,35001.0,2.5281764905101554,False,,heuristic,
michaelis_menten,GN,nonlinear,9,0.000600583000000654,13.0,92.0,0.3371368393183408,True,,heuristic,
michaelis_menten,BFGS,nonlinear,9,0.0013292919999994268,14.0,204.0,0.33713683920925047,True,,heuristic,
michaelis_menten,ZZU,zzu_hybrid,9,0.0018072920000005155,14.0,205.0,0.33670664698031466,True,,,identity
logistic_growth,identity,linearized_ols,0,3.7292000000022085e-05,,,11.510508013603177,,,,
logistic_growth,log_no_smear,linearized_ols,0,,,,,,log transform requires y > 0.,,
logistic_growth,log_smear,linearized_ols,0,,,,,,log transform requires y > 0.,,
logistic_growth,reciprocal_no_smear,linearized_ols,0,3.304100000001142e-05,,,111.63101820550797,,,,
logistic_growth,reciprocal_smear,linearized_ols,0,2.8874999999928264e-05,,,89.87122017937726,,,,
logistic_growth,power_0.5_smear,linearized_ols,0,,,,,,power transform requires y > 0 in this implementation.,,
logistic_growth,power_2_smear,linearized_ols,0,,,,,,power transform requires y > 0 in this implementation.,,
logistic_growth,boxcox_no_smear,linearized_ols,0,,,,,,Box--Cox requires y > 0.,,
logistic_growth,boxcox_smear,linearized_ols,0,,,,,,Box--Cox requires y > 0.,,
logistic_growth,yeojohnson_no_smear,linearized_ols,0,0.006817958000000068,,,15.894134562908306,,,,
logistic_growth,yeojohnson_smear,linearized_ols,0,0.006593083000000277,,,16.004209268670856,,,,
logistic_growth,GD,nonlinear,0,0.29387416700000024,5000.0,45001.0,5.185082533489512,False,,heuristic,
logistic_growth,GN,nonlinear,0,0.0005087499999998357,7.0,64.0,2.6118519615103084,True,,heuristic,
logistic_growth,BFGS,nonlinear,0,0.001901875000000608,13.0,252.0,2.611851966137042,True,,heuristic,
logistic_growth,ZZU,zzu_hybrid,0,0.01539079199999982,13.0,253.0,2.593375231915891,True,,,yeojohnson_smear
logistic_growth,identity,linearized_ols,1,3.325000000042877e-05,,,11.672088867084753,,,,
logistic_growth,log_no_smear,linearized_ols,1,,,,,,log transform requires y > 0.,,
logistic_growth,log_smear,linearized_ols,1,,,,,,log transform requires y > 0.,,
logistic_growth,reciprocal_no_smear,linearized_ols,1,2.8207999999807498e-05,,,72.64153397595884,,,,
logistic_growth,reciprocal_smear,linearized_ols,1,2.6125000000654097e-05,,,58.10695816058341,,,,
logistic_growth,power_0.5_smear,linearized_ols,1,,,,,,power transform requires y > 0 in this implementation.,,
logistic_growth,power_2_smear,linearized_ols,1,,,,,,power transform requires y > 0 in this implementation.,,
logistic_growth,boxcox_no_smear,linearized_ols,1,,,,,,Box--Cox requires y > 0.,,
logistic_growth,boxcox_smear,linearized_ols,1,,,,,,Box--Cox requires y > 0.,,
logistic_growth,yeojohnson_no_smear,linearized_ols,1,0.006350333000000319,,,12.310822217598849,,,,
logistic_growth,yeojohnson_smear,linearized_ols,1,0.006311124999999862,,,12.350564728621956,,,,
logistic_growth,GD,nonlinear,1,0.2853147920000003,5000.0,45001.0,5.110985851140766,False,,heuristic,
logistic_growth,GN,nonlinear,1,0.00044350000000026313,6.0,55.0,3.390416311186711,True,,heuristic,
logistic_growth,BFGS,nonlinear,1,0.0017466659999998413,12.0,234.0,3.390416309439987,True,,heuristic,
logistic_growth,ZZU,zzu_hybrid,1,0.008798708000000488,12.0,235.0,3.3884070343835067,True,,,identity
logistic_growth,identity,linearized_ols,2,2.9750000000383636e-05,,,10.43802000076277,,,,
logistic_growth,log_no_smear,linearized_ols,2,,,,,,log transform requires y > 0.,,
logistic_growth,log_smear,linearized_ols,2,,,,,,log transform requires y > 0.,,
logistic_growth,reciprocal_no_smear,linearized_ols,2,2.9458000000204265e-05,,,1635.9130270148837,,,,
logistic_growth,reciprocal_smear,linearized_ols,2,2.662499999939172e-05,,,95.45569061691437,,,,
logistic_growth,power_0.5_smear,linearized_ols,2,,,,,,power transform requires y > 0 in this implementation.,,
logistic_growth,power_2_smear,linearized_ols,2,,,,,,power transform requires y > 0 in this implementation.,,
logistic_growth,boxcox_no_smear,linearized_ols,2,,,,,,Box--Cox requires y > 0.,,
logistic_growth,boxcox_smear,linearized_ols,2,,,,,,Box--Cox requires y > 0.,,
logistic_growth,yeojohnson_no_smear,linearized_ols,2,0.006342958999999482,,,12.935383761615071,,,,
logistic_growth,yeojohnson_smear,linearized_ols,2,0.006243417000000306,,,12.971506123423344,,,,
logistic_growth,GD,nonlinear,2,0.2818255409999999,5000.0,45001.0,4.540291509408408,False,,heuristic,
logistic_growth,GN,nonlinear,2,0.0004915409999997067,7.0,64.0,3.0822877579248114,True,,heuristic,
logistic_growth,BFGS,nonlinear,2,0.002003832999999844,14.0,270.0,3.0822877600275267,True,,heuristic,
logistic_growth,ZZU,zzu_hybrid,2,0.008906082999999398,14.0,271.0,3.066931161506483,True,,,identity
logistic_growth,identity,linearized_ols,3,3.2041999999954385e-05,,,11.577710430955392,,,,
logistic_growth,log_no_smear,linearized_ols,3,,,,,,log transform requires y > 0.,,
logistic_growth,log_smear,linearized_ols,3,,,,,,log transform requires y > 0.,,
logistic_growth,reciprocal_no_smear,linearized_ols,3,2.8916999999850646e-05,,,93.8099013849099,,,,
logistic_growth,reciprocal_smear,linearized_ols,3,2.700000000022129e-05,,,77.23533272481477,,,,
logistic_growth,power_0.5_smear,linearized_ols,3,,,,,,power transform requires y > 0 in this implementation.,,
logistic_growth,power_2_smear,linearized_ols,3,,,,,,power transform requires y > 0 in this implementation.,,
logistic_growth,boxcox_no_smear,linearized_ols,3,,,,,,Box--Cox requires y > 0.,,
logistic_growth,boxcox_smear,linearized_ols,3,,,,,,Box--Cox requires y > 0.,,
logistic_growth,yeojohnson_no_smear,linearized_ols,3,0.006275624999999785,,,13.59337411702349,,,,
logistic_growth,yeojohnson_smear,linearized_ols,3,0.0062712500000001725,,,13.577198625251693,,,,
logistic_growth,GD,nonlinear,3,0.28054937499999966,5000.0,45001.0,5.140315413262955,False,,heuristic,
logistic_growth,GN,nonlinear,3,0.000474207999999976,7.0,64.0,2.844190413651814,True,,heuristic,
logistic_growth,BFGS,nonlinear,3,0.001988707999999839,14.0,270.0,2.8441904121117374,True,,heuristic,
logistic_growth,ZZU,zzu_hybrid,3,0.00866741600000065,14.0,271.0,2.836905578425892,True,,,identity
logistic_growth,identity,linearized_ols,4,2.7915999999628127e-05,,,10.853971143286001,,,,
logistic_growth,log_no_smear,linearized_ols,4,,,,,,log transform requires y > 0.,,
logistic_growth,log_smear,linearized_ols,4,,,,,,log transform requires y > 0.,,
logistic_growth,reciprocal_no_smear,linearized_ols,4,2.8375000000302464e-05,,,86.31402540512222,,,,
logistic_growth,reciprocal_smear,linearized_ols,4,2.6250000000338503e-05,,,123.07417891246041,,,,
logistic_growth,power_0.5_smear,linearized_ols,4,,,,,,power transform requires y > 0 in this implementation.,,
logistic_growth,power_2_smear,linearized_ols,4,,,,,,power transform requires y > 0 in this implementation.,,
logistic_growth,boxcox_no_smear,linearized_ols,4,,,,,,Box--Cox requires y > 0.,,
logistic_growth,boxcox_smear,linearized_ols,4,,,,,,Box--Cox requires y > 0.,,
logistic_growth,yeojohnson_no_smear,linearized_ols,4,0.006288167000000122,,,12.913365416010915,,,,
logistic_growth,yeojohnson_smear,linearized_ols,4,0.006273417000000059,,,12.940325754117586,,,,
logistic_growth,GD,nonlinear,4,0.28699183400000017,5000.0,45001.0,4.240467996871572,False,,heuristic,
logistic_growth,GN,nonlinear,4,0.0005017089999999058,7.0,64.0,3.2440322552087055,True,,heuristic,
logistic_growth,BFGS,nonlinear,4,0.0019317920000005984,12.0,233.0,3.244032260828707,True,,heuristic,
logistic_growth,ZZU,zzu_hybrid,4,0.00885424999999973,12.0,234.0,3.230888647355948,True,,,identity
logistic_growth,identity,linearized_ols,5,6.862499999993332e-05,,,11.503906102390479,,,,
logistic_growth,log_no_smear,linearized_ols,5,,,,,,log transform requires y > 0.,,
logistic_growth,log_smear,linearized_ols,5,,,,,,log transform requires y > 0.,,
logistic_growth,reciprocal_no_smear,linearized_ols,5,3.949999999974807e-05,,,152.30003039833753,,,,
logistic_growth,reciprocal_smear,linearized_ols,5,3.225000000028899e-05,,,92.51299096727948,,,,
logistic_growth,power_0.5_smear,linearized_ols,5,,,,,,power transform requires y > 0 in this implementation.,,
logistic_growth,power_2_smear,linearized_ols,5,,,,,,power transform requires y > 0 in this implementation.,,
logistic_growth,boxcox_no_smear,linearized_ols,5,,,,,,Box--Cox requires y > 0.,,
logistic_growth,boxcox_smear,linearized_ols,5,,,,,,Box--Cox requires y > 0.,,
logistic_growth,yeojohnson_no_smear,linearized_ols,5,0.007289624999999411,,,14.553372913111996,,,,
logistic_growth,yeojohnson_smear,linearized_ols,5,0.006517374999999603,,,14.537200771955519,,,,
logistic_growth,GD,nonlinear,5,0.29955508300000044,5000.0,45001.0,4.829365369789662,False,,heuristic,
logistic_growth,GN,nonlinear,5,0.0005109999999994841,7.0,64.0,3.1802840993494152,True,,heuristic,
logistic_growth,BFGS,nonlinear,5,0.002125666999999609,14.0,270.0,3.1802840986147283,True,,heuristic,
logistic_growth,ZZU,zzu_hybrid,5,0.016339042000000248,14.0,271.0,3.19060235876733,True,,,yeojohnson_smear
logistic_growth,identity,linearized_ols,6,3.225000000028899e-05,,,10.407980949596134,,,,
logistic_growth,log_no_smear,linearized_ols,6,,,,,,log transform requires y > 0.,,
logistic_growth,log_smear,linearized_ols,6,,,,,,log transform requires y > 0.,,
logistic_growth,reciprocal_no_smear,linearized_ols,6,2.9749999999495458e-05,,,120.38820324998764,,,,
logistic_growth,reciprocal_smear,linearized_ols,6,3.137499999983362e-05,,,114.92575730897647,,,,
logistic_growth,power_0.5_smear,linearized_ols,6,,,,,,power transform requires y > 0 in this implementation.,,
logistic_growth,power_2_smear,linearized_ols,6,,,,,,power transform requires y > 0 in this implementation.,,
logistic_growth,boxcox_no_smear,linearized_ols,6,,,,,,Box--Cox requires y > 0.,,
logistic_growth,boxcox_smear,linearized_ols,6,,,,,,Box--Cox requires y > 0.,,
logistic_growth,yeojohnson_no_smear,linearized_ols,6,0.006526499999999658,,,13.279398824676157,,,,
logistic_growth,yeojohnson_smear,linearized_ols,6,0.006895499999999721,,,13.225039773985825,,,,
logistic_growth,GD,nonlinear,6,0.2917454999999993,5000.0,45001.0,4.59750180209481,False,,heuristic,
logistic_growth,GN,nonlinear,6,0.00043829100000003507,6.0,55.0,2.693689981684123,True,,heuristic,
logistic_growth,BFGS,nonlinear,6,0.0017944590000000815,12.0,233.0,2.6936899776993433,True,,heuristic,
logistic_growth,ZZU,zzu_hybrid,6,0.009187959000000134,12.0,234.0,2.7205737865190684,True,,,identity
logistic_growth,identity,linearized_ols,7,3.1250000000149214e-05,,,12.285780045838226,,,,
logistic_growth,log_no_smear,linearized_ols,7,,,,,,log transform requires y > 0.,,
logistic_growth,log_smear,linearized_ols,7,,,,,,log transform requires y > 0.,,
logistic_growth,reciprocal_no_smear,linearized_ols,7,3.066699999987321e-05,,,62.24897498381958,,,,
logistic_growth,reciprocal_smear,linearized_ols,7,2.7583000000497293e-05,,,88.62134367148855,,,,
logistic_growth,power_0.5_smear,linearized_ols,7,,,,,,power transform requires y > 0 in this implementation.,,
logistic_growth,power_2_smear,linearized_ols,7,,,,,,power transform requires y > 0 in this implementation.,,
logistic_growth,boxcox_no_smear,linearized_ols,7,,,,,,Box--Cox requires y > 0.,,
logistic_growth,boxcox_smear,linearized_ols,7,,,,,,Box--Cox requires y > 0.,,
logistic_growth,yeojohnson_no_smear,linearized_ols,7,0.0065950829999996685,,,12.629406434061503,,,,
logistic_growth,yeojohnson_smear,linearized_ols,7,0.006875625000000163,,,12.561081483094304,,,,
logistic_growth,GD,nonlinear,7,0.2885989579999997,5000.0,45001.0,4.967019516252367,False,,heuristic,
logistic_growth,GN,nonlinear,7,0.0005213340000000954,7.0,64.0,2.708461014710474,True,,heuristic,
logistic_growth,BFGS,nonlinear,7,0.0019575000000005005,13.0,252.0,2.708461008588198,True,,heuristic,
logistic_growth,ZZU,zzu_hybrid,7,0.009172750000000285,13.0,253.0,2.733284473053696,True,,,identity
logistic_growth,identity,linearized_ols,8,2.9249999999869658e-05,,,11.567846401193458,,,,
logistic_growth,log_no_smear,linearized_ols,8,,,,,,log transform requires y > 0.,,
logistic_growth,log_smear,linearized_ols,8,,,,,,log transform requires y > 0.,,
logistic_growth,reciprocal_no_smear,linearized_ols,8,2.958300000077685e-05,,,70.17285639380296,,,,
logistic_growth,reciprocal_smear,linearized_ols,8,2.700000000022129e-05,,,88.02133710657847,,,,
logistic_growth,power_0.5_smear,linearized_ols,8,,,,,,power transform requires y > 0 in this implementation.,,
logistic_growth,power_2_smear,linearized_ols,8,,,,,,power transform requires y > 0 in this implementation.,,
logistic_growth,boxcox_no_smear,linearized_ols,8,,,,,,Box--Cox requires y > 0.,,
logistic_growth,boxcox_smear,linearized_ols,8,,,,,,Box--Cox requires y > 0.,,
logistic_growth,yeojohnson_no_smear,linearized_ols,8,0.006528875000000767,,,13.370147731999166,,,,
logistic_growth,yeojohnson_smear,linearized_ols,8,0.006637749999999443,,,13.240745702594927,,,,
logistic_growth,GD,nonlinear,8,0.2857204580000001,5000.0,45001.0,3.8720826936156323,False,,heuristic,
logistic_growth,GN,nonlinear,8,0.00043458299999876715,6.0,55.0,3.1451790556433306,True,,heuristic,
logistic_growth,BFGS,nonlinear,8,0.001760000000000872,12.0,234.0,3.145179070019542,True,,heuristic,
logistic_growth,ZZU,zzu_hybrid,8,0.015357500000000357,12.0,235.0,3.1447112116100353,True,,,yeojohnson_smear
logistic_growth,identity,linearized_ols,9,2.912500000107343e-05,,,12.265993633749618,,,,
logistic_growth,log_no_smear,linearized_ols,9,,,,,,log transform requires y > 0.,,
logistic_growth,log_smear,linearized_ols,9,,,,,,log transform requires y > 0.,,
logistic_growth,reciprocal_no_smear,linearized_ols,9,2.9165999999136716e-05,,,416.24521396042235,,,,
logistic_growth,reciprocal_smear,linearized_ols,9,2.641699999905711e-05,,,276.1557133905,,,,
logistic_growth,power_0.5_smear,linearized_ols,9,,,,,,power transform requires y > 0 in this implementation.,,
logistic_growth,power_2_smear,linearized_ols,9,,,,,,power transform requires y > 0 in this implementation.,,
logistic_growth,boxcox_no_smear,linearized_ols,9,,,,,,Box--Cox requires y > 0.,,
logistic_growth,boxcox_smear,linearized_ols,9,,,,,,Box--Cox requires y > 0.,,
logistic_growth,yeojohnson_no_smear,linearized_ols,9,0.006422332999999725,,,13.344502334149649,,,,
logistic_growth,yeojohnson_smear,linearized_ols,9,0.006517666000000588,,,13.399123043045291,,,,
logistic_growth,GD,nonlinear,9,0.2844158340000007,5000.0,45001.0,4.813523094395001,False,,heuristic,
logistic_growth,GN,nonlinear,9,0.0004288339999991564,6.0,55.0,3.7718890879164166,True,,heuristic,
logistic_growth,BFGS,nonlinear,9,0.0015885840000002815,11.0,214.0,3.7718890839804406,True,,heuristic,
logistic_growth,ZZU,zzu_hybrid,9,0.00866695799999917,11.0,215.0,3.748719340838519,True,,,identity
multivariable_nonlinear,identity,linearized_ols,0,6.495799999939322e-05,,,5.803513976891203,,,,
multivariable_nonlinear,log_no_smear,linearized_ols,0,,,,,,log transform requires y > 0.,,
multivariable_nonlinear,log_smear,linearized_ols,0,,,,,,log transform requires y > 0.,,
multivariable_nonlinear,reciprocal_no_smear,linearized_ols,0,4.9583999999214257e-05,,,124.18718133635302,,,,
multivariable_nonlinear,reciprocal_smear,linearized_ols,0,4.391699999928278e-05,,,103.44189649586565,,,,
multivariable_nonlinear,power_0.5_smear,linearized_ols,0,,,,,,power transform requires y > 0 in this implementation.,,
multivariable_nonlinear,power_2_smear,linearized_ols,0,,,,,,power transform requires y > 0 in this implementation.,,
multivariable_nonlinear,boxcox_no_smear,linearized_ols,0,,,,,,Box--Cox requires y > 0.,,
multivariable_nonlinear,boxcox_smear,linearized_ols,0,,,,,,Box--Cox requires y > 0.,,
multivariable_nonlinear,yeojohnson_no_smear,linearized_ols,0,0.010106207999999839,,,4.930753269317172,,,,
multivariable_nonlinear,yeojohnson_smear,linearized_ols,0,0.00998545799999917,,,4.928232493654514,,,,
multivariable_nonlinear,GD,nonlinear,0,0.900407542,5000.0,65001.0,4.6654074219713415,False,,heuristic,
multivariable_nonlinear,GN,nonlinear,0,0.00515583399999997,27.0,352.0,4.41675477084547,True,,heuristic,
multivariable_nonlinear,BFGS,nonlinear,0,0.01768487500000049,45.0,1211.0,4.416754770779173,True,,heuristic,
multivariable_nonlinear,ZZU,zzu_hybrid,0,0.038045166999999935,45.0,1212.0,4.415107279783444,True,,,yeojohnson_smear
multivariable_nonlinear,identity,linearized_ols,1,4.4917000000310736e-05,,,6.274065537069001,,,,
multivariable_nonlinear,log_no_smear,linearized_ols,1,,,,,,log transform requires y > 0.,,
multivariable_nonlinear,log_smear,linearized_ols,1,,,,,,log transform requires y > 0.,,
multivariable_nonlinear,reciprocal_no_smear,linearized_ols,1,4.400000000082116e-05,,,171.8221653230605,,,,
multivariable_nonlinear,reciprocal_smear,linearized_ols,1,4.2499999999279225e-05,,,97.64399068052228,,,,
multivariable_nonlinear,power_0.5_smear,linearized_ols,1,,,,,,power transform requires y > 0 in this implementation.,,
multivariable_nonlinear,power_2_smear,linearized_ols,1,,,,,,power transform requires y > 0 in this implementation.,,
multivariable_nonlinear,boxcox_no_smear,linearized_ols,1,,,,,,Box--Cox requires y > 0.,,
multivariable_nonlinear,boxcox_smear,linearized_ols,1,,,,,,Box--Cox requires y > 0.,,
multivariable_nonlinear,yeojohnson_no_smear,linearized_ols,1,0.009526624999999456,,,5.442259550973424,,,,
multivariable_nonlinear,yeojohnson_smear,linearized_ols,1,0.009506417000000766,,,5.4349140854066675,,,,
multivariable_nonlinear,GD,nonlinear,1,0.89892225,5000.0,65001.0,4.75373402174412,False,,heuristic,
multivariable_nonlinear,GN,nonlinear,1,0.005252415999999371,27.0,352.0,4.592355696194978,True,,heuristic,
multivariable_nonlinear,BFGS,nonlinear,1,0.019494791999999705,48.0,1286.0,4.592355695722511,True,,heuristic,
multivariable_nonlinear,ZZU,zzu_hybrid,1,0.040099291999998954,48.0,1287.0,4.595180692651356,True,,,yeojohnson_smear
multivariable_nonlinear,identity,linearized_ols,2,6.512499999900001e-05,,,6.681127247057579,,,,
multivariable_nonlinear,log_no_smear,linearized_ols,2,,,,,,log transform requires y > 0.,,
multivariable_nonlinear,log_smear,linearized_ols,2,,,,,,log transform requires y > 0.,,
multivariable_nonlinear,reciprocal_no_smear,linearized_ols,2,5.599999999894578e-05,,,88.93235931536597,,,,
multivariable_nonlinear,reciprocal_smear,linearized_ols,2,4.504199999999514e-05,,,80.32298145318843,,,,
multivariable_nonlinear,power_0.5_smear,linearized_ols,2,,,,,,power transform requires y > 0 in this implementation.,,
multivariable_nonlinear,power_2_smear,linearized_ols,2,,,,,,power transform requires y > 0 in this implementation.,,
multivariable_nonlinear,boxcox_no_smear,linearized_ols,2,,,,,,Box--Cox requires y > 0.,,
multivariable_nonlinear,boxcox_smear,linearized_ols,2,,,,,,Box--Cox requires y > 0.,,
multivariable_nonlinear,yeojohnson_no_smear,linearized_ols,2,0.009587833999999518,,,5.8632739021153935,,,,
multivariable_nonlinear,yeojohnson_smear,linearized_ols,2,0.009603332999999381,,,5.860377386703625,,,,
multivariable_nonlinear,GD,nonlinear,2,0.9029065420000002,5000.0,65001.0,5.649660439467799,False,,heuristic,
multivariable_nonlinear,GN,nonlinear,2,0.004940249999998869,25.0,326.0,5.572590084807047,True,,heuristic,
multivariable_nonlinear,BFGS,nonlinear,2,0.016132999999999953,40.0,1079.0,5.572590084142679,True,,heuristic,
multivariable_nonlinear,ZZU,zzu_hybrid,2,0.020499791000000656,,0.0,,,Box--Cox requires y > 0.,,
multivariable_nonlinear,identity,linearized_ols,3,5.212499999984743e-05,,,5.3134387893947155,,,,
multivariable_nonlinear,log_no_smear,linearized_ols,3,,,,,,log transform requires y > 0.,,
multivariable_nonlinear,log_smear,linearized_ols,3,,,,,,log transform requires y > 0.,,
multivariable_nonlinear,reciprocal_no_smear,linearized_ols,3,4.454200000125752e-05,,,132.73940481607784,,,,
multivariable_nonlinear,reciprocal_smear,linearized_ols,3,4.2583000000817606e-05,,,104.48937103611225,,,,
multivariable_nonlinear,power_0.5_smear,linearized_ols,3,,,,,,power transform requires y > 0 in this implementation.,,
multivariable_nonlinear,power_2_smear,linearized_ols,3,,,,,,power transform requires y > 0 in this implementation.,,
multivariable_nonlinear,boxcox_no_smear,linearized_ols,3,,,,,,Box--Cox requires y > 0.,,
multivariable_nonlinear,boxcox_smear,linearized_ols,3,,,,,,Box--Cox requires y > 0.,,
multivariable_nonlinear,yeojohnson_no_smear,linearized_ols,3,0.009636084000000267,,,4.465180175050448,,,,
multivariable_nonlinear,yeojohnson_smear,linearized_ols,3,0.009566791000001018,,,4.4475407091358505,,,,
multivariable_nonlinear,GD,nonlinear,3,0.9131782910000013,5000.0,65001.0,4.743568243281294,False,,heuristic,
multivariable_nonlinear,GN,nonlinear,3,0.004651167000000456,24.0,313.0,4.399968930099948,True,,heuristic,
multivariable_nonlinear,BFGS,nonlinear,3,0.014564790999999744,37.0,999.0,4.399968931968914,True,,heuristic,
multivariable_nonlinear,ZZU,zzu_hybrid,3,0.035304500000000516,37.0,1000.0,4.3997616021374695,True,,,yeojohnson_smear
multivariable_nonlinear,identity,linearized_ols,4,5.625000000009095e-05,,,6.250878510347673,,,,
multivariable_nonlinear,log_no_smear,linearized_ols,4,,,,,,log transform requires y > 0.,,
multivariable_nonlinear,log_smear,linearized_ols,4,,,,,,log transform requires y > 0.,,
multivariable_nonlinear,reciprocal_no_smear,linearized_ols,4,4.791699999984189e-05,,,259.55119175608553,,,,
multivariable_nonlinear,reciprocal_smear,linearized_ols,4,4.395799999912242e-05,,,1151.9396005468714,,,,
multivariable_nonlinear,power_0.5_smear,linearized_ols,4,,,,,,power transform requires y > 0 in this implementation.,,
multivariable_nonlinear,power_2_smear,linearized_ols,4,,,,,,power transform requires y > 0 in this implementation.,,
multivariable_nonlinear,boxcox_no_smear,linearized_ols,4,,,,,,Box--Cox requires y > 0.,,
multivariable_nonlinear,boxcox_smear,linearized_ols,4,,,,,,Box--Cox requires y > 0.,,
multivariable_nonlinear,yeojohnson_no_smear,linearized_ols,4,0.009974458000000297,,,5.559843750871773,,,,
multivariable_nonlinear,yeojohnson_smear,linearized_ols,4,0.009625666999999893,,,5.537539517769203,,,,
multivariable_nonlinear,GD,nonlinear,4,0.9020481670000002,5000.0,65001.0,5.18529044210806,False,,heuristic,
multivariable_nonlinear,GN,nonlinear,4,0.0056360000000008625,29.0,378.0,5.132276421647587,True,,heuristic,
multivariable_nonlinear,BFGS,nonlinear,4,0.016991291000000075,43.0,1157.0,5.132276421694013,True,,heuristic,
multivariable_nonlinear,ZZU,zzu_hybrid,4,0.03755583300000076,43.0,1158.0,5.134284562600865,True,,,yeojohnson_smear
multivariable_nonlinear,identity,linearized_ols,5,4.5666000000110785e-05,,,5.785274982253285,,,,
multivariable_nonlinear,log_no_smear,linearized_ols,5,4.683399999905191e-05,,,12.695312429843552,,,,
multivariable_nonlinear,log_smear,linearized_ols,5,4.341700000054516e-05,,,14.115827270482741,,,,
multivariable_nonlinear,reciprocal_no_smear,linearized_ols,5,4.449999999955878e-05,,,181.6206256623932,,,,
multivariable_nonlinear,reciprocal_smear,linearized_ols,5,4.199999999876525e-05,,,83.63638214816444,,,,
multivariable_nonlinear,power_0.5_smear,linearized_ols,5,4.6165999998848406e-05,,,5.583165545744443,,,,
multivariable_nonlinear,power_2_smear,linearized_ols,5,4.541599999896562e-05,,,10.930727307625176,,,,
multivariable_nonlinear,boxcox_no_smear,linearized_ols,5,0.00881266599999897,,,5.188703692181368,,,,
multivariable_nonlinear,boxcox_smear,linearized_ols,5,0.008657874999999038,,,5.193432086134429,,,,
multivariable_nonlinear,yeojohnson_no_smear,linearized_ols,5,0.009548750000000439,,,5.177790609738976,,,,
multivariable_nonlinear,yeojohnson_smear,linearized_ols,5,0.009471333999998777,,,5.180324856774136,,,,
multivariable_nonlinear,GD,nonlinear,5,0.9040894590000015,5000.0,65001.0,4.775887997893275,False,,heuristic,
multivariable_nonlinear,GN,nonlinear,5,0.004855875000000509,25.0,326.0,4.9313919747156785,True,,heuristic,
multivariable_nonlinear,BFGS,nonlinear,5,0.017079333999999946,43.0,1162.0,4.931391974931494,True,,heuristic,
multivariable_nonlinear,ZZU,zzu_hybrid,5,0.04641924999999958,43.0,1163.0,4.930929144675203,True,,,yeojohnson_smear
multivariable_nonlinear,identity,linearized_ols,6,4.529199999936395e-05,,,5.4995800526988505,,,,
multivariable_nonlinear,log_no_smear,linearized_ols,6,,,,,,log transform requires y > 0.,,
multivariable_nonlinear,log_smear,linearized_ols,6,,,,,,log transform requires y > 0.,,
multivariable_nonlinear,reciprocal_no_smear,linearized_ols,6,4.420800000026759e-05,,,118.64251689657794,,,,
multivariable_nonlinear,reciprocal_smear,linearized_ols,6,4.254199999920161e-05,,,104.6295362148625,,,,
multivariable_nonlinear,power_0.5_smear,linearized_ols,6,,,,,,power transform requires y > 0 in this implementation.,,
multivariable_nonlinear,power_2_smear,linearized_ols,6,,,,,,power transform requires y > 0 in this implementation.,,
multivariable_nonlinear,boxcox_no_smear,linearized_ols,6,,,,,,Box--Cox requires y > 0.,,
multivariable_nonlinear,boxcox_smear,linearized_ols,6,,,,,,Box--Cox requires y > 0.,,
multivariable_nonlinear,yeojohnson_no_smear,linearized_ols,6,0.009745167000000166,,,4.687151506227661,,,,
multivariable_nonlinear,yeojohnson_smear,linearized_ols,6,0.010582167000000808,,,4.694152812759405,,,,
multivariable_nonlinear,GD,nonlinear,6,0.9292733329999994,5000.0,65001.0,4.752890885980108,False,,heuristic,
multivariable_nonlinear,GN,nonlinear,6,0.004741583999999577,24.0,313.0,4.368170188843142,True,,heuristic,
multivariable_nonlinear,BFGS,nonlinear,6,0.016994041999998544,42.0,1133.0,4.368170190913743,True,,heuristic,
multivariable_nonlinear,ZZU,zzu_hybrid,6,0.03792295800000112,42.0,1134.0,4.368174577370691,True,,,yeojohnson_smear
multivariable_nonlinear,identity,linearized_ols,7,5.816600000052574e-05,,,6.625567271199974,,,,
multivariable_nonlinear,log_no_smear,linearized_ols,7,4.712500000003672e-05,,,10.96896093729447,,,,
multivariable_nonlinear,log_smear,linearized_ols,7,4.4084000000665924e-05,,,12.136869522285805,,,,
multivariable_nonlinear,reciprocal_no_smear,linearized_ols,7,4.595799999940198e-05,,,85.12068840850134,,,,
multivariable_nonlinear,reciprocal_smear,linearized_ols,7,4.379200000137473e-05,,,136.16684620211356,,,,
multivariable_nonlinear,power_0.5_smear,linearized_ols,7,4.766600000039034e-05,,,5.893379259209457,,,,
multivariable_nonlinear,power_2_smear,linearized_ols,7,4.662499999952274e-05,,,10.795147120831286,,,,
multivariable_nonlinear,boxcox_no_smear,linearized_ols,7,0.008798833000000172,,,5.923756519084357,,,,
multivariable_nonlinear,boxcox_smear,linearized_ols,7,0.008796208999999777,,,5.917339152457132,,,,
multivariable_nonlinear,yeojohnson_no_smear,linearized_ols,7,0.009592833999999328,,,5.932569327969037,,,,
multivariable_nonlinear,yeojohnson_smear,linearized_ols,7,0.00968379099999872,,,5.926678707552624,,,,
multivariable_nonlinear,GD,nonlinear,7,0.9530042499999993,5000.0,65001.0,5.61592364021967,False,,heuristic,
multivariable_nonlinear,GN,nonlinear,7,0.0052740409999998406,26.0,339.0,5.408817933570124,True,,heuristic,
multivariable_nonlinear,BFGS,nonlinear,7,0.019786832999997728,48.0,1296.0,5.408817932994683,True,,heuristic,
multivariable_nonlinear,ZZU,zzu_hybrid,7,0.04826750000000146,48.0,1297.0,5.409720199828569,True,,,boxcox_smear
multivariable_nonlinear,identity,linearized_ols,8,8.383399999800645e-05,,,5.0841704319257515,,,,
multivariable_nonlinear,log_no_smear,linearized_ols,8,,,,,,log transform requires y > 0.,,
multivariable_nonlinear,log_smear,linearized_ols,8,,,,,,log transform requires y > 0.,,
multivariable_nonlinear,reciprocal_no_smear,linearized_ols,8,5.958399999883568e-05,,,163.60660914390837,,,,
multivariable_nonlinear,reciprocal_smear,linearized_ols,8,5.4584000000801325e-05,,,97.15097374054356,,,,
multivariable_nonlinear,power_0.5_smear,linearized_ols,8,,,,,,power transform requires y > 0 in this implementation.,,
multivariable_nonlinear,power_2_smear,linearized_ols,8,,,,,,power transform requires y > 0 in this implementation.,,
multivariable_nonlinear,boxcox_no_smear,linearized_ols,8,,,,,,Box--Cox requires y > 0.,,
multivariable_nonlinear,boxcox_smear,linearized_ols,8,,,,,,Box--Cox requires y > 0.,,
multivariable_nonlinear,yeojohnson_no_smear,linearized_ols,8,0.010212333999998435,,,4.285863669634804,,,,
multivariable_nonlinear,yeojohnson_smear,linearized_ols,8,0.009857291999999518,,,4.2588484118897405,,,,
multivariable_nonlinear,GD,nonlinear,8,0.9083722500000029,5000.0,65001.0,4.440019114564932,False,,heuristic,
multivariable_nonlinear,GN,nonlinear,8,0.004777374999999751,25.0,326.0,4.455853706100391,True,,heuristic,
multivariable_nonlinear,BFGS,nonlinear,8,0.01609012500000162,40.0,1078.0,4.455853706063224,True,,heuristic,
multivariable_nonlinear,ZZU,zzu_hybrid,8,0.03964891700000095,40.0,1079.0,4.45788611144894,True,,,yeojohnson_smear
multivariable_nonlinear,identity,linearized_ols,9,8.079099999847017e-05,,,5.4250974163524415,,,,
multivariable_nonlinear,log_no_smear,linearized_ols,9,,,,,,log transform requires y > 0.,,
multivariable_nonlinear,log_smear,linearized_ols,9,,,,,,log transform requires y > 0.,,
multivariable_nonlinear,reciprocal_no_smear,linearized_ols,9,4.833299999873475e-05,,,192.48063368036415,,,,
multivariable_nonlinear,reciprocal_smear,linearized_ols,9,4.3750000003228706e-05,,,176.60609185963312,,,,
multivariable_nonlinear,power_0.5_smear,linearized_ols,9,,,,,,power transform requires y > 0 in this implementation.,,
multivariable_nonlinear,power_2_smear,linearized_ols,9,,,,,,power transform requires y > 0 in this implementation.,,
multivariable_nonlinear,boxcox_no_smear,linearized_ols,9,,,,,,Box--Cox requires y > 0.,,
multivariable_nonlinear,boxcox_smear,linearized_ols,9,,,,,,Box--Cox requires y > 0.,,
multivariable_nonlinear,yeojohnson_no_smear,linearized_ols,9,0.009792292000000202,,,4.66492781826909,,,,
multivariable_nonlinear,yeojohnson_smear,linearized_ols,9,0.010341791999998406,,,4.665851047938872,,,,
multivariable_nonlinear,GD,nonlinear,9,0.8961686250000014,5000.0,65001.0,4.435261201345055,False,,heuristic,
multivariable_nonlinear,GN,nonlinear,9,0.005325625000001111,28.0,365.0,4.174721882374463,True,,heuristic,
multivariable_nonlinear,BFGS,nonlinear,9,0.016989834000000315,44.0,1182.0,4.1747218825177494,True,,heuristic,
multivariable_nonlinear,ZZU,zzu_hybrid,9,0.037287875000000525,44.0,1183.0,4.1748299378253195,True,,,yeojohnson_smear
